pic.0343.jpg,196,197,198,198,199,199,199,199,199,195,196,197,197,197,197,197,198,198,193,194,195,196,195,195,196,196,196,192,193,194,195,193,194,194,194,195,192,192,193,193,194,194,194,194,194,192,193,193,194,194,194,194,194,194,192,193,193,194,195,194,194,194,194,193,193,194,194,195,195,194,194,195,193,194,194,194,195,195,195,195,195
pic.0342.jpg,52,51,51,51,51,51,51,51,52,53,51,50,49,50,50,51,52,52,55,53,50,49,49,49,49,50,50,57,54,51,49,50,49,47,47,48,57,56,52,48,49,46,45,46,45,59,58,54,50,48,46,46,46,45,63,61,57,54,50,48,48,49,47,66,64,61,59,55,51,50,50,48,67,66,64,63,58,53,49,49,48
pic.0345.jpg,170,171,172,172,171,172,174,175,176,165,166,166,167,168,169,170,171,172,164,164,164,164,165,166,168,169,169,166,166,166,166,165,165,167,168,168,168,168,167,167,166,166,165,165,165,169,169,168,168,167,167,167,166,166,172,171,170,170,170,170,169,169,169,175,174,173,173,173,173,172,172,172,178,177,176,176,176,175,175,175,175
pic.0344.jpg,116,117,117,117,116,117,118,120,121,117,118,118,117,117,117,118,120,122,118,119,118,118,118,119,120,122,124,118,119,119,118,120,120,121,123,125,119,120,119,118,119,120,122,123,123,120,121,120,119,120,121,122,123,123,121,121,120,119,120,120,121,122,122,120,120,120,119,119,119,120,120,121,118,119,118,117,118,118,118,119,119
pic.0308.jpg,150,157,160,158,145,132,97,72,68,151,150,152,163,155,155,140,103,92,150,151,146,157,155,155,152,125,115,147,154,146,152,156,157,162,142,119,145,144,150,151,149,156,154,139,129,133,144,152,153,151,157,155,145,140,118,143,151,150,152,155,155,151,151,105,140,147,144,150,153,154,153,156,91,130,143,146,149,152,154,154,155
pic.0283.jpg,36,48,51,45,88,103,57,39,35,40,55,58,55,45,73,44,39,56,68,65,58,65,59,55,40,34,70,88,87,68,63,55,54,73,61,110,94,95,87,65,61,46,42,128,185,113,98,62,62,50,46,97,172,191,64,76,56,44,42,94,147,145,150,37,49,39,36,94,134,150,129,154,48,33,38,103,148,131,142,179,197
pic.0282.jpg,156,161,160,156,160,163,166,166,161,146,155,160,159,154,161,169,167,156,139,150,158,161,153,157,163,165,159,143,149,157,161,159,151,150,158,164,139,143,155,168,167,169,170,169,165,142,144,153,163,164,166,168,169,168,141,140,144,151,160,162,165,167,168,135,134,138,142,164,165,167,169,170,131,136,145,151,168,168,169,172,174
pic.0309.jpg,133,117,109,104,138,140,152,172,187,114,105,119,135,147,157,173,187,195,114,117,140,158,163,187,202,198,197,121,135,153,159,182,193,200,198,192,118,137,142,161,175,174,173,174,174,123,137,143,156,155,152,150,150,150,137,137,134,129,118,115,111,109,108,153,151,146,129,122,120,116,113,112,160,170,174,158,154,151,148,146,144
pic.0280.jpg,231,223,212,240,250,204,227,226,199,251,244,227,243,246,198,219,214,238,249,231,221,228,203,234,251,227,216,214,205,222,238,180,246,242,236,223,250,224,245,251,229,201,245,237,202,252,241,253,252,250,231,218,206,233,240,234,253,239,220,249,248,205,228,230,220,243,234,207,227,251,241,199,242,225,251,253,248,211,244,250,215
pic.0281.jpg,254,212,140,157,198,196,143,127,175,245,172,150,163,161,149,140,177,203,191,170,138,183,193,151,144,242,250,212,157,227,243,233,187,104,209,251,203,133,192,240,250,191,129,163,254,227,154,125,224,228,165,162,194,207,254,255,146,151,155,142,133,143,177,247,242,218,209,196,199,216,196,120,251,233,176,199,197,238,251,252,181
pic.0469.jpg,238,239,240,240,241,240,239,237,236,236,236,237,237,237,237,237,236,235,235,235,235,236,234,234,234,234,234,234,235,235,235,233,233,233,233,233,233,233,233,232,232,232,232,232,232,233,232,232,231,230,230,230,229,229,227,227,227,227,230,230,230,230,229,230,231,231,232,228,228,228,228,228,227,228,229,229,225,225,225,225,225
pic.0314.jpg,65,67,67,64,61,60,59,58,57,62,63,64,63,61,61,60,58,57,70,62,59,60,62,62,61,59,56,88,70,63,63,63,63,62,59,56,122,91,63,56,57,47,46,70,60,130,115,83,63,74,77,81,82,58,122,125,96,68,85,106,120,108,82,105,118,95,67,88,114,127,109,101,105,118,91,59,86,110,112,82,87
pic.0464.jpg,129,127,125,123,120,117,113,110,107,123,120,118,116,111,109,105,101,98,115,112,109,107,103,100,96,93,91,109,106,103,101,97,95,92,89,88,104,102,97,93,88,87,85,84,83,99,97,93,89,89,88,85,83,81,94,92,89,86,85,84,82,80,78,92,90,87,85,83,82,81,80,79,90,89,88,86,84,83,82,82,82
pic.0313.jpg,27,27,25,24,23,23,23,23,22,25,25,24,23,23,23,23,22,21,24,25,25,25,23,23,22,21,20,23,25,26,26,23,22,22,21,19,26,26,24,23,21,20,20,20,21,26,26,24,23,22,21,21,20,20,26,26,24,23,22,22,22,20,18,26,25,24,23,23,23,22,19,17,25,25,23,22,23,22,21,18,16
pic.0307.jpg,68,104,115,112,107,93,139,169,168,71,89,107,104,111,89,88,91,86,129,111,115,111,104,107,92,113,119,153,128,114,102,98,106,139,167,192,114,111,100,89,85,77,98,148,194,69,77,91,86,76,67,55,101,137,65,77,80,100,113,93,63,54,106,82,101,86,109,157,150,81,53,80,109,137,117,107,160,206,130,52,64
pic.0312.jpg,243,243,242,242,241,242,243,244,244,253,252,252,252,253,253,253,253,253,251,251,252,252,251,251,251,252,253,251,252,253,253,253,253,252,252,252,253,252,252,251,252,251,250,250,250,253,254,254,255,254,253,253,253,253,204,216,227,234,247,249,251,251,250,26,31,38,43,44,50,59,66,73,14,9,8,9,7,9,11,10,7
pic.0462.jpg,101,102,103,103,104,105,105,106,107,104,105,105,105,107,107,108,109,109,106,106,107,107,108,109,109,110,110,108,108,108,108,108,108,109,110,110,107,108,108,109,109,109,109,109,109,108,108,108,109,109,109,109,109,109,108,108,108,108,108,108,108,108,108,107,107,107,107,108,108,108,108,108,107,107,107,107,107,107,107,107,107
pic.0310.jpg,220,147,131,199,229,116,145,232,156,163,123,166,250,233,125,132,238,215,122,149,213,250,251,105,117,246,231,147,203,236,249,227,114,111,230,252,196,225,250,249,217,104,106,210,243,216,238,249,246,214,100,100,198,226,247,245,231,248,203,95,100,197,212,235,232,240,248,197,94,102,201,210,231,227,247,247,194,92,94,194,212
pic.0311.jpg,36,35,35,38,34,36,38,38,37,34,32,32,34,33,34,36,35,34,33,30,30,33,35,35,35,33,31,32,30,30,33,37,37,35,32,30,32,29,28,33,36,37,33,25,25,31,31,31,37,34,35,32,28,30,35,35,36,42,39,40,39,38,43,44,42,41,45,46,48,49,49,52,51,48,45,48,48,51,53,52,51
pic.0463.jpg,240,241,232,222,223,223,223,222,222,240,243,237,228,225,224,224,223,222,236,239,235,231,226,225,225,224,223,231,231,230,230,226,226,225,224,224,229,228,227,225,227,226,225,224,223,230,232,232,231,231,229,227,226,226,232,238,240,241,240,235,230,227,228,232,238,245,249,249,243,233,228,229,227,232,242,249,252,247,234,227,226
